photo_id,set_id,photo_path
1,1,media/img/gallery/landscape/jaydeninniss_landscape_1.jpeg
2,1,media/img/gallery/landscape/jaydeninniss_landscape_2.jpeg
3,1,media/img/gallery/landscape/jaydeninniss_landscape_3.jpeg
4,1,media/img/gallery/landscape/jaydeninniss_landscape_4.jpeg
5,1,media/img/gallery/landscape/jaydeninniss_landscape_5.jpeg
6,1,media/img/gallery/landscape/jaydeninniss_landscape_6.jpeg
7,1,media/img/gallery/landscape/jaydeninniss_landscape_7.jpeg
8,1,media/img/gallery/landscape/jaydeninniss_landscape_8.jpeg
9,1,media/img/gallery/landscape/jaydeninniss_landscape_9.jpeg
10,1,media/img/gallery/landscape/jaydeninniss_landscape_10.jpeg
11,1,media/img/gallery/landscape/jaydeninniss_landscape_11.jpeg
12,1,media/img/gallery/landscape/jaydeninniss_landscape_12.jpeg
13,1,media/img/gallery/landscape/jaydeninniss_landscape_13.jpeg
14,1,media/img/gallery/landscape/jaydeninniss_landscape_14.jpeg
15,1,media/img/gallery/landscape/jaydeninniss_landscape_15.jpeg
16,1,media/img/gallery/landscape/jaydeninniss_landscape_16.jpeg
17,1,media/img/gallery/landscape/jaydeninniss_landscape_17.jpeg
18,1,media/img/gallery/landscape/jaydeninniss_landscape_18.jpeg
19,1,media/img/gallery/landscape/jaydeninniss_landscape_19.jpeg
20,1,media/img/gallery/landscape/jaydeninniss_landscape_20.jpeg
21,1,media/img/gallery/landscape/jaydeninniss_landscape_21.jpeg
22,1,media/img/gallery/landscape/jaydeninniss_landscape_22.jpeg
23,1,media/img/gallery/landscape/jaydeninniss_landscape_23.jpeg
24,1,media/img/gallery/landscape/jaydeninniss_landscape_24.jpeg
25,1,media/img/gallery/landscape/jaydeninniss_landscape_25.jpeg
26,1,media/img/gallery/landscape/jaydeninniss_landscape_26.jpeg
27,1,media/img/gallery/landscape/jaydeninniss_landscape_27.jpeg
28,1,media/img/gallery/landscape/jaydeninniss_landscape_28.jpeg
29,1,media/img/gallery/landscape/jaydeninniss_landscape_29.jpeg
30,1,media/img/gallery/landscape/jaydeninniss_landscape_30.jpeg
31,1,
32,1,
33,1,