set_id,set_title,set_desc,set_cover
1,Crankworx 2023,Description here,
2,FIS Junior/U18 Nordic Championships 2023,Description here,
3,Foon Skis - David Peatfield,Description here,
4,Green River Motocross,Description here,
5,Knolly Bikes - Sergi Massot,Description here,
6,Mekong,Description here,
7,Nicklaus North Golf Course + Table Nineteen,Description here,
8,Partners In Tourism - Invitaional Golf Tournament 2023+2024,Description here,
9,Treeline Aerial,Description here,
10,UBC Ski and Board Club,Description here,
11,VRCA Awards of Excellence Gala 2023,Description here,
12,Whistler Naturalists,Description here,
13,WORCA,Description here,
14,Whistler Real Estate Co.,Description here,